Workbook

Sheet README
A1: HDBSCAN parameter sweep — results and caveats
A2: HDBSCAN parameter sweep — results
A4: Source | B4: miletus:~/pure-internship/umap_hdbscan_sweep/umap_tests/param_sweep
A5: Cells | B5: 28 parameter combinations
A6: Cohort | B6: 157,501,580 rows; UMAP 2-D coords; RBC labelling of the full cohort
A7: Reference (main sweep) | B7: COSMIC v3.5, uv_only subset, GRCh38
A9: VERIFIED CORRECT
A10: SigProfiler usage | B10: Reconstruction recomputed from the tool's own Activities x Signatures matches its reported cosine / L1 / L2 to within 0.0005. Channel order aligned. Counts preserved exactly (recon total / obs total = 1.0000). Smallest cluster = 385,898 mutations, so no cluster is too small to fit.
A12: METRICS THAT DO NOT WORK ON THIS DATA
A13: Persistence | B13: 26 of 28 cells report exactly 1.0. cuML's HDBSCAN is not populating cluster_persistence_ meaningfully. Unusable as reported.
A14: Connectivity | B14: 0.9976 to 1.0000 across the whole grid — a 0.2% spread. Monotone in cluster count (one cluster scores 1.0 by construction). No discriminating power.
A15: DBCV | B15: Scored on only 11 of 28 cells; the 500-cluster ceiling excludes both extremes of the grid. Range 0.386–0.485 where available.
A16: Marginal divergence | B16: Correlates +0.939 with top-channel share, so it re-measures single-context concentration rather than clustering quality. Shuffled null scores 0.0000 as designed, but the metric rewards the pathology. Reported here, not recommended.
A18: KEY FINDINGS
A19: Cosine is forgiving | B19: L1 % exceeds 100 in every cell (168–177). With counts preserved, L1 = 133% means ~67% of mutations sit in the wrong channel — at a reported cosine of 0.75. Cosine is dominated by the few large channels; L1 is the honest measure.
A20: uv_only was the wrong reference | B20: Full COSMIC lifts median cosine from 0.25 to 0.73 and mutation share above 0.7 from 5.6% to 51.8% on the same matrix. Every uv_only number in this workbook is measured through a reference that cannot fit the data.
A21: Composition is parameter-invariant | B21: Across 89 to 1,330 clusters: UV 8.75–9.38%, artefact-suspect 20.2–22.6%, unknown-etiology 10.4–12.1%. A 15x change in granularity moves UV by 0.63 points.
A22: The clustering does real work | B22: Shuffled null (same cluster sizes, permuted membership) recovers UV 0.00% and collapses onto unknown-etiology signatures at 47%. Real clusterings recover ~9% UV. UV is undetectable in the pooled cohort and only becomes assignable after clustering.
A23: The 25M cells are not a win | B23: Highest cosine (0.30–0.32) and highest frac_clusters>0.7 (0.11–0.14), but the lowest mutation share >0.7 (0.064). Cosine correlates -0.877 with noise fraction: low noise means smoother cluster spectra, which fit more easily. Same effect that let the shuffled null score 0.80.
A24: min_samples does nothing | B24: Spearman +0.15 (p=0.44) against mutation share >0.7; +0.07 (p=0.72) against top-channel share. Drop this axis from future grids.

Sheet Summary Stats
A1: Spread of every metric across all 28 cells
A2: Computed live from 'All Cells'. 'Spread %' = (max - min) / |mean|. Under ~1% means the metric does not discriminate between cells.
A4: Clusters | B4: =COUNT('All Cells'!E2:E29) | C4: =MIN('All Cells'!E2:E29) | D4: =MAX('All Cells'!E2:E29) | E4: =AVERAGE('All Cells'!E2:E29) | F4: =IFERROR((MAX('All Cells'!E2:E29)-MIN('All Cells'!E2:E29))/ABS(AVERAGE('All Cells'!E2:E29)),"")
A5: Noise % | B5: =COUNT('All Cells'!F2:F29) | C5: =MIN('All Cells'!F2:F29) | D5: =MAX('All Cells'!F2:F29) | E5: =AVERAGE('All Cells'!F2:F29) | F5: =IFERROR((MAX('All Cells'!F2:F29)-MIN('All Cells'!F2:F29))/ABS(AVERAGE('All Cells'!F2:F29)),"")
A6: Fit (min) | B6: =COUNT('All Cells'!G2:G29) | C6: =MIN('All Cells'!G2:G29) | D6: =MAX('All Cells'!G2:G29) | E6: =AVERAGE('All Cells'!G2:G29) | F6: =IFERROR((MAX('All Cells'!G2:G29)-MIN('All Cells'!G2:G29))/ABS(AVERAGE('All Cells'!G2:G29)),"")
A7: Label (min) | B7: =COUNT('All Cells'!H2:H29) | C7: =MIN('All Cells'!H2:H29) | D7: =MAX('All Cells'!H2:H29) | E7: =AVERAGE('All Cells'!H2:H29) | F7: =IFERROR((MAX('All Cells'!H2:H29)-MIN('All Cells'!H2:H29))/ABS(AVERAGE('All Cells'!H2:H29)),"")
A8: Mutations (M) | B8: =COUNT('All Cells'!I2:I29) | C8: =MIN('All Cells'!I2:I29) | D8: =MAX('All Cells'!I2:I29) | E8: =AVERAGE('All Cells'!I2:I29) | F8: =IFERROR((MAX('All Cells'!I2:I29)-MIN('All Cells'!I2:I29))/ABS(AVERAGE('All Cells'!I2:I29)),"")
A9: DBCV | B9: =COUNT('All Cells'!J2:J29) | C9: =MIN('All Cells'!J2:J29) | D9: =MAX('All Cells'!J2:J29) | E9: =AVERAGE('All Cells'!J2:J29) | F9: =IFERROR((MAX('All Cells'!J2:J29)-MIN('All Cells'!J2:J29))/ABS(AVERAGE('All Cells'!J2:J29)),"") | G9: PARTIAL — only scored below the 500-cluster ceiling
A10: Prob mean | B10: =COUNT('All Cells'!K2:K29) | C10: =MIN('All Cells'!K2:K29) | D10: =MAX('All Cells'!K2:K29) | E10: =AVERAGE('All Cells'!K2:K29) | F10: =IFERROR((MAX('All Cells'!K2:K29)-MIN('All Cells'!K2:K29))/ABS(AVERAGE('All Cells'!K2:K29)),"")
A11: Persistence mean | B11: =COUNT('All Cells'!L2:L29) | C11: =MIN('All Cells'!L2:L29) | D11: =MAX('All Cells'!L2:L29) | E11: =AVERAGE('All Cells'!L2:L29) | F11: =IFERROR((MAX('All Cells'!L2:L29)-MIN('All Cells'!L2:L29))/ABS(AVERAGE('All Cells'!L2:L29)),"") | G11: BROKEN — 26/28 cells report exactly 1.0 (cuML)
A12: Cosine mean (uv_only) | B12: =COUNT('All Cells'!M2:M29) | C12: =MIN('All Cells'!M2:M29) | D12: =MAX('All Cells'!M2:M29) | E12: =AVERAGE('All Cells'!M2:M29) | F12: =IFERROR((MAX('All Cells'!M2:M29)-MIN('All Cells'!M2:M29))/ABS(AVERAGE('All Cells'!M2:M29)),"") | G12: Confounded: rho -0.877 with noise fraction
A13: Cosine median (uv_only) | B13: =COUNT('All Cells'!N2:N29) | C13: =MIN('All Cells'!N2:N29) | D13: =MAX('All Cells'!N2:N29) | E13: =AVERAGE('All Cells'!N2:N29) | F13: =IFERROR((MAX('All Cells'!N2:N29)-MIN('All Cells'!N2:N29))/ABS(AVERAGE('All Cells'!N2:N29)),"") | G13: Confounded: see cosine mean
A14: Frac clusters >0.7 | B14: =COUNT('All Cells'!O2:O29) | C14: =MIN('All Cells'!O2:O29) | D14: =MAX('All Cells'!O2:O29) | E14: =AVERAGE('All Cells'!O2:O29) | F14: =IFERROR((MAX('All Cells'!O2:O29)-MIN('All Cells'!O2:O29))/ABS(AVERAGE('All Cells'!O2:O29)),"") | G14: Count-weighted — ranks cells differently to mass
A15: Mutation share >0.7 | B15: =COUNT('All Cells'!P2:P29) | C15: =MIN('All Cells'!P2:P29) | D15: =MAX('All Cells'!P2:P29) | E15: =AVERAGE('All Cells'!P2:P29) | F15: =IFERROR((MAX('All Cells'!P2:P29)-MIN('All Cells'!P2:P29))/ABS(AVERAGE('All Cells'!P2:P29)),"") | G15: Mass-weighted, but itself inflated by high noise
A16: Mutation share >0.8 | B16: =COUNT('All Cells'!Q2:Q29) | C16: =MIN('All Cells'!Q2:Q29) | D16: =MAX('All Cells'!Q2:Q29) | E16: =AVERAGE('All Cells'!Q2:Q29) | F16: =IFERROR((MAX('All Cells'!Q2:Q29)-MIN('All Cells'!Q2:Q29))/ABS(AVERAGE('All Cells'!Q2:Q29)),"")

Sheet All Cells
A1: Cell | B1: Fit rows (M) | C1: min_cluster_size | D1: min_samples | E1: Clusters | F1: Noise % | G1: Fit (min) | H1: Label (min) | I1: Mutations (M) | J1: DBCV | K1: Prob mean | L1: Persistence mean | M1: Cosine mean (uv_only) | N1: Cosine median (uv_only) | O1: Frac clusters >0.7 | P1: Mutation share >0.7 | Q1: Mutation share >0.8
A2: fit500000_mcs250_ms5_eom | B2: 0.5 | C2: 250 | D2: 5 | E2: 560 | F2: 12.417575 | G2: 0.1 | H2: 0.895 | I2: 137.9437 | K2: 0.75779916 | L2: 1 | M2: 0.26892679 | N2: 0.1505 | O2: 0.092857143 | P2: 0.082052998 | Q2: 0.021779291
A3: fit500000_mcs500_ms5_eom | B3: 0.5 | C3: 500 | D3: 5 | E3: 363 | F3: 9.1178711 | G3: 0.096666667 | H3: 0.88833333 | I3: 143.14079 | J3: 0.41280232 | K3: 0.78214478 | L3: 1 | M3: 0.26996694 | N3: 0.166 | O3: 0.082644628 | P3: 0.071233485 | Q3: 0.020330383
A4: fit500000_mcs1000_ms5_eom | B4: 0.5 | C4: 1000 | D4: 5 | E4: 220 | F4: 7.8994198 | G4: 0.096666667 | H4: 0.895 | I4: 145.05986 | J4: 0.452198 | K4: 0.82582013 | L4: 1 | M4: 0.27875 | N4: 0.2295 | O4: 0.072727273 | P4: 0.06169049 | Q4: 0.016594687
A5: fit500000_mcs2500_ms5_eom | B5: 0.5 | C5: 2500 | D5: 5 | E5: 88 | F5: 12.504665 | G5: 0.096666667 | H5: 0.89666667 | I5: 137.80653 | J5: 0.46630056 | K5: 0.81992057 | L5: 0.21485424 | M5: 0.26134091 | N5: 0.148 | O5: 0.056818182 | P5: 0.054785692 | Q5: 0.0090281428
A6: fit500000_mcs250_ms15_eom | B6: 0.5 | C6: 250 | D6: 15 | E6: 518 | F6: 10.664332 | G6: 0.088333333 | H6: 1.6883333 | I6: 140.70508 | K6: 0.7590634 | L6: 1 | M6: 0.27714286 | N6: 0.1685 | O6: 0.098455598 | P6: 0.080604671 | Q6: 0.02007646
A7: fit500000_mcs500_ms15_eom | B7: 0.5 | C7: 500 | D7: 15 | E7: 348 | F7: 8.1478446 | G7: 0.088333333 | H7: 1.6866667 | I7: 144.66859 | J7: 0.46372101 | K7: 0.79237284 | L7: 1 | M7: 0.27902299 | N7: 0.259 | O7: 0.08908046 | P7: 0.069595964 | Q7: 0.019762728
A8: fit500000_mcs1000_ms15_eom | B8: 0.5 | C8: 1000 | D8: 15 | E8: 215 | F8: 6.6210218 | G8: 0.088333333 | H8: 1.68 | I8: 147.07336 | J8: 0.48480667 | K8: 0.8271471 | L8: 1 | M8: 0.27565116 | N8: 0.192 | O8: 0.065116279 | P8: 0.055543744 | Q8: 0.016081063
A9: fit500000_mcs2500_ms15_eom | B9: 0.5 | C9: 2500 | D9: 15 | E9: 89 | F9: 7.271894 | G9: 0.088333333 | H9: 1.6783333 | I9: 146.04822 | J9: 0.4428383 | K9: 0.84489593 | L9: 0.22520593 | M9: 0.27494382 | N9: 0.192 | O9: 0.033707865 | P9: 0.049207008 | Q9: 0
A10: fit1000000_mcs250_ms5_eom | B10: 1 | C10: 250 | D10: 5 | E10: 814 | F10: 16.829601 | G10: 0.33833333 | H10: 1.16 | I10: 130.99469 | K10: 0.75009114 | L10: 1 | M10: 0.25603686 | N10: 0.1385 | O10: 0.082309582 | P10: 0.076254672 | Q10: 0.021149361
A11: fit1000000_mcs500_ms5_eom | B11: 1 | C11: 500 | D11: 5 | E11: 584 | F11: 12.896206 | G11: 0.33833333 | H11: 1.1466667 | I11: 137.18985 | K11: 0.74364075 | L11: 1 | M11: 0.26841952 | N11: 0.166 | O11: 0.087328767 | P11: 0.084135766 | Q11: 0.024394144
A12: fit1000000_mcs1000_ms5_eom | B12: 1 | C12: 1000 | D12: 5 | E12: 375 | F12: 10.688013 | G12: 0.33833333 | H12: 1.14 | I12: 140.66779 | J12: 0.41479309 | K12: 0.78678048 | L12: 1 | M12: 0.27248533 | N12: 0.167 | O12: 0.08 | P12: 0.071498978 | Q12: 0.020112764
A13: fit1000000_mcs2500_ms5_eom | B13: 1 | C13: 2500 | D13: 5 | E13: 176 | F13: 8.241064 | G13: 0.33666667 | H13: 1.13 | I13: 144.52177 | J13: 0.44766876 | K13: 0.81647959 | L13: 1 | M13: 0.28059091 | N13: 0.25 | O13: 0.0625 | P13: 0.056257145 | Q13: 0.014039421
A14: fit1000000_mcs250_ms15_eom | B14: 1 | C14: 250 | D14: 15 | E14: 735 | F14: 15.877705 | G14: 0.315 | H14: 2.09 | I14: 132.49394 | K14: 0.72400814 | L14: 1 | M14: 0.25794558 | N14: 0.135 | O14: 0.085714286 | P14: 0.078977167 | Q14: 0.024624651
A15: fit1000000_mcs500_ms15_eom | B15: 1 | C15: 500 | D15: 15 | E15: 534 | F15: 10.892664 | G15: 0.31333333 | H15: 2.0833333 | I15: 140.34546 | K15: 0.7363463 | L15: 1 | M15: 0.27524906 | N15: 0.1655 | O15: 0.093632959 | P15: 0.077047602 | Q15: 0.019743802
A16: fit1000000_mcs1000_ms15_eom | B16: 1 | C16: 1000 | D16: 15 | E16: 357 | F16: 8.3099306 | G16: 0.31333333 | H16: 2.0783333 | I16: 144.4133 | J16: 0.45095677 | K16: 0.78535217 | L16: 1 | M16: 0.26998319 | N16: 0.166 | O16: 0.075630252 | P16: 0.067416178 | Q16: 0.019467168
A17: fit1000000_mcs2500_ms15_eom | B17: 1 | C17: 2500 | D17: 15 | E17: 175 | F17: 7.3552545 | G17: 0.31166667 | H17: 2.075 | I17: 145.91693 | J17: 0.45266768 | K17: 0.8283856 | L17: 1 | M17: 0.28035429 | N17: 0.239 | O17: 0.062857143 | P17: 0.056461049 | Q17: 0.013882796
A18: fit5000000_mcs250_ms5_eom | B18: 5 | C18: 250 | D18: 5 | E18: 1096 | F18: 11.670334 | G18: 7.64 | H18: 2.5816667 | I18: 139.12062 | K18: 0.86248538 | L18: 1 | M18: 0.25689234 | N18: 0.1455 | O18: 0.084854015 | P18: 0.072224565 | Q18: 0.022438299
A19: fit5000000_mcs500_ms5_eom | B19: 5 | C19: 500 | D19: 5 | E19: 856 | F19: 10.626802 | G19: 7.6266667 | H19: 2.56 | I19: 140.7642 | K19: 0.85543426 | L19: 1 | M19: 0.26278855 | N19: 0.1495 | O19: 0.087616822 | P19: 0.072737417 | Q19: 0.02279618
A20: fit5000000_mcs1000_ms5_eom | B20: 5 | C20: 1000 | D20: 5 | E20: 692 | F20: 9.3190932 | G20: 7.63 | H20: 2.535 | I20: 142.82386 | K20: 0.8424502 | L20: 1 | M20: 0.26311705 | N20: 0.147 | O20: 0.085260116 | P20: 0.071643521 | Q20: 0.023310223
A21: fit5000000_mcs2500_ms5_eom | B21: 5 | C21: 2500 | D21: 5 | E21: 513 | F21: 8.7673101 | G21: 7.6216667 | H21: 2.5133333 | I21: 143.69293 | K21: 0.83875989 | L21: 1 | M21: 0.27976803 | N21: 0.168 | O21: 0.097465887 | P21: 0.076283109 | Q21: 0.022611134
A22: fit5000000_mcs250_ms15_eom | B22: 5 | C22: 250 | D22: 15 | E22: 1330 | F22: 19.434969 | G22: 7.6866667 | H22: 4.88 | I22: 126.89119 | K22: 0.76795708 | L22: 1 | M22: 0.24428195 | N22: 0.13 | O22: 0.079699248 | P22: 0.080236561 | Q22: 0.025815156
A23: fit5000000_mcs500_ms15_eom | B23: 5 | C23: 500 | D23: 15 | E23: 1008 | F23: 17.105768 | G23: 7.6866667 | H23: 4.86 | I23: 130.55972 | K23: 0.7618707 | L23: 1 | M23: 0.2547877 | N23: 0.14 | O23: 0.083333333 | P23: 0.081505757 | Q23: 0.026478832
A24: fit5000000_mcs1000_ms15_eom | B24: 5 | C24: 1000 | D24: 15 | E24: 784 | F24: 14.391181 | G24: 7.68 | H24: 4.8483333 | I24: 134.83524 | K24: 0.75913123 | L24: 1 | M24: 0.25994005 | N24: 0.1465 | O24: 0.081632653 | P24: 0.077583619 | Q24: 0.025512618
A25: fit5000000_mcs2500_ms15_eom | B25: 5 | C25: 2500 | D25: 15 | E25: 548 | F25: 11.254761 | G25: 7.6833333 | H25: 4.83 | I25: 139.77515 | K25: 0.77115404 | L25: 1 | M25: 0.2749781 | N25: 0.166 | O25: 0.091240876 | P25: 0.076198316 | Q25: 0.021147629
A26: fit25000000_mcs250_ms5_eom | B26: 25 | C26: 250 | D26: 5 | E26: 872 | F26: 3.9736535 | G26: 194.79167 | H26: 6.7966667 | I26: 151.24301 | K26: 0.95533792 | L26: 1 | M26: 0.31715596 | N26: 0.295 | O26: 0.14334862 | P26: 0.06416489 | Q26: 0.013327102
A27: fit25000000_mcs500_ms5_eom | B27: 25 | C27: 500 | D27: 5 | E27: 634 | F27: 3.6441438 | G27: 193.65 | H27: 6.695 | I27: 151.76199 | K27: 0.95050557 | L27: 1 | M27: 0.30499211 | N27: 0.271 | O27: 0.1340694 | P27: 0.063964461 | Q27: 0.01352394
A28: fit25000000_mcs1000_ms5_eom | B28: 25 | C28: 1000 | D28: 5 | E28: 517 | F28: 3.3836175 | G28: 193.49333 | H28: 6.6416667 | I28: 152.17232 | K28: 0.94807727 | L28: 1 | M28: 0.29955126 | N28: 0.266 | O28: 0.11992263 | P28: 0.064191922 | Q28: 0.013974558
A29: fit25000000_mcs2500_ms5_eom | B29: 25 | C29: 2500 | D29: 5 | E29: 441 | F29: 3.1874988 | G29: 194.47333 | H29: 6.6133333 | I29: 152.48121 | J29: 0.3859414 | K29: 0.94587384 | L29: 1 | M29: 0.30311111 | N29: 0.295 | O29: 0.11111111 | P29: 0.064346477 | Q29: 0.013336299

Sheet Geometry
A1: Cell | B1: n_clusters | C1: noise_fraction | D1: prob_n_assigned | E1: prob_mean | F1: prob_median | G1: prob_p10 | H1: prob_p90 | I1: prob_frac_above_05 | J1: prob_frac_above_08 | K1: persistence_mean | L1: persistence_median | M1: persistence_min | N1: persistence_max | O1: persistence_sum | P1: dbcv | Q1: scored_rows | R1: scored_clusters | S1: dropped_clusters | T1: dropped_point_fraction | U1: noise_fraction_in_sample | V1: dbcv_note
A2: fit500000_mcs250_ms5_eom | B2: 560 | C2: 0.100202 | D2: 449899 | E2: 0.75779916 | F2: 1 | G2: 1.8807912e-37 | H2: 1 | I2: 0.77376256 | J2: 0.65478919 | K2: 1 | L2: 1 | M2: 1 | N2: 1 | O2: 560 | V2: 560 clusters exceeds max_clusters=500
A3: fit500000_mcs500_ms5_eom | B3: 363 | C3: 0.081836 | D3: 459082 | E3: 0.78214478 | F3: 1 | G3: 3.7615824e-37 | H3: 1 | I3: 0.79526533 | J3: 0.67636718 | K3: 1 | L3: 1 | M3: 1 | N3: 1 | O3: 363 | P3: 0.41280232 | Q3: 22927 | R3: 363 | S3: 0 | T3: 0 | U3: 0.0829
A4: fit500000_mcs1000_ms5_eom | B4: 220 | C4: 0.075934 | D4: 462033 | E4: 0.82582013 | F4: 1 | G4: 0.32444283 | H4: 1 | I4: 0.83080862 | J4: 0.71310058 | K4: 1 | L4: 1 | M4: 1 | N4: 1 | O4: 220 | P4: 0.452198 | Q4: 23172 | R4: 220 | S4: 0 | T4: 0 | U4: 0.0731
A5: fit500000_mcs2500_ms5_eom | B5: 88 | C5: 0.123512 | D5: 438244 | E5: 0.81992057 | F5: 1 | G5: 0.31622779 | H5: 1 | I5: 0.81280976 | J5: 0.70421272 | K5: 0.21485424 | L5: 0.19486181 | M5: 0.0035053191 | N5: 0.93749982 | O5: 18.907173 | P5: 0.46630056 | Q5: 21808 | R5: 88 | S5: 0 | T5: 0 | U5: 0.1277
A6: fit500000_mcs250_ms15_eom | B6: 518 | C6: 0.09692 | D6: 451540 | E6: 0.7590634 | F6: 1 | G6: 0.21442251 | H6: 1 | I6: 0.78087656 | J6: 0.60682996 | K6: 1 | L6: 1 | M6: 1 | N6: 1 | O6: 518 | V6: 518 clusters exceeds max_clusters=500
A7: fit500000_mcs500_ms15_eom | B7: 348 | C7: 0.07723 | D7: 461385 | E7: 0.79237284 | F7: 1 | G7: 0.30413682 | H7: 1 | I7: 0.81021056 | J7: 0.64978705 | K7: 1 | L7: 1 | M7: 1 | N7: 1 | O7: 348 | P7: 0.46372101 | Q7: 23065 | R7: 348 | S7: 0 | T7: 0 | U7: 0.0774
A8: fit500000_mcs1000_ms15_eom | B8: 215 | C8: 0.064316 | D8: 467842 | E8: 0.8271471 | F8: 1 | G8: 0.33333334 | H8: 1 | I8: 0.83521146 | J8: 0.70260473 | K8: 1 | L8: 1 | M8: 1 | N8: 1 | O8: 215 | P8: 0.48480667 | Q8: 23458 | R8: 215 | S8: 0 | T8: 0 | U8: 0.0617
A9: fit500000_mcs2500_ms15_eom | B9: 89 | C9: 0.072362 | D9: 463819 | E9: 0.84489593 | F9: 1 | G9: 0.34503278 | H9: 1 | I9: 0.84074391 | J9: 0.73524155 | K9: 0.22520593 | L9: 0.20035653 | M9: 0.010362946 | N9: 0.92561966 | O9: 20.043328 | P9: 0.4428383 | Q9: 23159 | R9: 89 | S9: 0 | T9: 0 | U9: 0.0736
A10: fit1000000_mcs250_ms5_eom | B10: 814 | C10: 0.126077 | D10: 873923 | E10: 0.75009114 | F10: 1 | G10: 1.8807912e-37 | H10: 1 | I10: 0.76464402 | J10: 0.69650644 | K10: 1 | L10: 1 | M10: 1 | N10: 1 | O10: 814 | V10: 814 clusters exceeds max_clusters=500
A11: fit1000000_mcs500_ms5_eom | B11: 584 | C11: 0.10295 | D11: 897050 | E11: 0.74364075 | F11: 1 | G11: 1.8807912e-37 | H11: 1 | I11: 0.75346525 | J11: 0.68177248 | K11: 1 | L11: 1 | M11: 1 | N11: 1 | O11: 584 | V11: 584 clusters exceeds max_clusters=500
A12: fit1000000_mcs1000_ms5_eom | B12: 375 | C12: 0.092494 | D12: 907506 | E12: 0.78678048 | F12: 1 | G12: 2.6598403e-37 | H12: 1 | I12: 0.79428566 | J12: 0.69905543 | K12: 1 | L12: 1 | M12: 1 | N12: 1 | O12: 375 | P12: 0.41479309 | Q12: 22644 | R12: 375 | S12: 0 | T12: 0 | U12: 0.0942
A13: fit1000000_mcs2500_ms5_eom | B13: 176 | C13: 0.079972 | D13: 920028 | E13: 0.81647959 | F13: 1 | G13: 0.26726127 | H13: 1 | I13: 0.82289887 | J13: 0.72247366 | K13: 1 | L13: 1 | M13: 1 | N13: 1 | O13: 176 | P13: 0.44766876 | Q13: 23015 | R13: 176 | S13: 0 | T13: 0 | U13: 0.0794
A14: fit1000000_mcs250_ms15_eom | B14: 735 | C14: 0.132168 | D14: 867832 | E14: 0.72400814 | F14: 1 | G14: 1.8807912e-37 | H14: 1 | I14: 0.74926483 | J14: 0.60835738 | K14: 1 | L14: 1 | M14: 1 | N14: 1 | O14: 735 | V14: 735 clusters exceeds max_clusters=500
A15: fit1000000_mcs500_ms15_eom | B15: 534 | C15: 0.098594 | D15: 901406 | E15: 0.7363463 | F15: 1 | G15: 1.8807912e-37 | H15: 1 | I15: 0.75341966 | J15: 0.61265845 | K15: 1 | L15: 1 | M15: 1 | N15: 1 | O15: 534 | V15: 534 clusters exceeds max_clusters=500
A16: fit1000000_mcs1000_ms15_eom | B16: 357 | C16: 0.078205 | D16: 921795 | E16: 0.78535217 | F16: 1 | G16: 0.22941573 | H16: 1 | I16: 0.80319702 | J16: 0.66143991 | K16: 1 | L16: 1 | M16: 1 | N16: 1 | O16: 357 | P16: 0.45095677 | Q16: 23069 | R16: 357 | S16: 0 | T16: 0 | U16: 0.0772
A17: fit1000000_mcs2500_ms15_eom | B17: 175 | C17: 0.072375 | D17: 927625 | E17: 0.8283856 | F17: 1 | G17: 0.31622776 | H17: 1 | I17: 0.82856111 | J17: 0.72164183 | K17: 1 | L17: 1 | M17: 1 | N17: 1 | O17: 175 | P17: 0.45266768 | Q17: 23216 | R17: 175 | S17: 0 | T17: 0 | U17: 0.0714
A18: fit5000000_mcs250_ms5_eom | B18: 1096 | C18: 0.0793822 | D18: 4603089 | E18: 0.86248538 | F18: 1 | G18: 3.7615824e-37 | H18: 1 | I18: 0.86522789 | J18: 0.85313732 | K18: 1 | L18: 1 | M18: 1 | N18: 1 | O18: 1096 | V18: 1096 clusters exceeds max_clusters=500
A19: fit5000000_mcs500_ms5_eom | B19: 856 | C19: 0.0744568 | D19: 4627716 | E19: 0.85543426 | F19: 1 | G19: 3.7615824e-37 | H19: 1 | I19: 0.85847468 | J19: 0.84507433 | K19: 1 | L19: 1 | M19: 1 | N19: 1 | O19: 856 | V19: 856 clusters exceeds max_clusters=500
A20: fit5000000_mcs1000_ms5_eom | B20: 692 | C20: 0.0671556 | D20: 4664222 | E20: 0.8424502 | F20: 1 | G20: 3.7615824e-37 | H20: 1 | I20: 0.84503268 | J20: 0.83286516 | K20: 1 | L20: 1 | M20: 1 | N20: 1 | O20: 692 | V20: 692 clusters exceeds max_clusters=500
A21: fit5000000_mcs2500_ms5_eom | B21: 513 | C21: 0.0654584 | D21: 4672708 | E21: 0.83875989 | F21: 1 | G21: 2.6598403e-37 | H21: 1 | I21: 0.84196873 | J21: 0.82611068 | K21: 1 | L21: 1 | M21: 1 | N21: 1 | O21: 513 | V21: 513 clusters exceeds max_clusters=500
A22: fit5000000_mcs250_ms15_eom | B22: 1330 | C22: 0.140404 | D22: 4297980 | E22: 0.76795708 | F22: 1 | G22: 2.6598403e-37 | H22: 1 | I22: 0.77557225 | J22: 0.74209233 | K22: 1 | L22: 1 | M22: 1 | N22: 1 | O22: 1330 | V22: 1330 clusters exceeds max_clusters=500
A23: fit5000000_mcs500_ms15_eom | B23: 1008 | C23: 0.1270192 | D23: 4364904 | E23: 0.7618707 | F23: 1 | G23: 2.6598403e-37 | H23: 1 | I23: 0.77046253 | J23: 0.73135148 | K23: 1 | L23: 1 | M23: 1 | N23: 1 | O23: 1008 | V23: 1008 clusters exceeds max_clusters=500
A24: fit5000000_mcs1000_ms15_eom | B24: 784 | C24: 0.1110422 | D24: 4444789 | E24: 0.75913123 | F24: 1 | G24: 1.8807912e-37 | H24: 1 | I24: 0.76734171 | J24: 0.72617035 | K24: 1 | L24: 1 | M24: 1 | N24: 1 | O24: 784 | V24: 784 clusters exceeds max_clusters=500
A25: fit5000000_mcs2500_ms15_eom | B25: 548 | C25: 0.093387 | D25: 4533065 | E25: 0.77115404 | F25: 1 | G25: 1.8807912e-37 | H25: 1 | I25: 0.77760632 | J25: 0.73191671 | K25: 1 | L25: 1 | M25: 1 | N25: 1 | O25: 548 | V25: 548 clusters exceeds max_clusters=500
A26: fit25000000_mcs250_ms5_eom | B26: 872 | C26: 0.02934468 | D26: 24266383 | E26: 0.95533792 | F26: 1 | G26: 1 | H26: 1 | I26: 0.95558683 | J26: 0.95479376 | K26: 1 | L26: 1 | M26: 1 | N26: 1 | O26: 872 | V26: 872 clusters exceeds max_clusters=500
A27: fit25000000_mcs500_ms5_eom | B27: 634 | C27: 0.0269108 | D27: 24327230 | E27: 0.95050557 | F27: 1 | G27: 1 | H27: 1 | I27: 0.95069291 | J27: 0.94992097 | K27: 1 | L27: 1 | M27: 1 | N27: 1 | O27: 634 | V27: 634 clusters exceeds max_clusters=500
A28: fit25000000_mcs1000_ms5_eom | B28: 517 | C28: 0.02524664 | D28: 24368834 | E28: 0.94807727 | F28: 1 | G28: 1 | H28: 1 | I28: 0.94828505 | J28: 0.94722049 | K28: 1 | L28: 1 | M28: 1 | N28: 1 | O28: 517 | V28: 517 clusters exceeds max_clusters=500
A29: fit25000000_mcs2500_ms5_eom | B29: 441 | C29: 0.02390552 | D29: 24402362 | E29: 0.94587384 | F29: 1 | G29: 1 | H29: 1 | I29: 0.94609526 | J29: 0.94476277 | K29: 1 | L29: 1 | M29: 1 | N29: 1 | O29: 441 | P29: 0.3859414 | Q29: 24373 | R29: 424 | S29: 17 | T29: 0.0015 | U29: 0.0236

Sheet Assignment uv_only
A1: Cell | B1: n_clusters | C1: total_mutations | D1: cosine_mean | E1: cosine_median | F1: cosine_weighted_mean | G1: correlation_mean | H1: correlation_median | I1: clusters_above_07 | J1: frac_clusters_above_07 | K1: mutation_share_above_07 | L1: clusters_above_08 | M1: frac_clusters_above_08 | N1: mutation_share_above_08
A2: fit500000_mcs250_ms5_eom | B2: 560 | C2: 137943699 | D2: 0.26892679 | E2: 0.1505 | F2: 0.26288902 | G2: 0.24254643 | H2: 0.107 | I2: 52 | J2: 0.092857143 | K2: 0.082052998 | L2: 12 | M2: 0.021428571 | N2: 0.021779291
A3: fit500000_mcs500_ms5_eom | B3: 363 | C3: 143140786 | D3: 0.26996694 | E3: 0.166 | F3: 0.26249713 | G3: 0.24160055 | H3: 0.119 | I3: 30 | J3: 0.082644628 | K3: 0.071233485 | L3: 6 | M3: 0.016528926 | N3: 0.020330383
A4: fit500000_mcs1000_ms5_eom | B4: 220 | C4: 145059863 | D4: 0.27875 | E4: 0.2295 | F4: 0.27083895 | G4: 0.24884091 | H4: 0.18 | I4: 16 | J4: 0.072727273 | K4: 0.06169049 | L4: 4 | M4: 0.018181818 | N4: 0.016594687
A5: fit500000_mcs2500_ms5_eom | B5: 88 | C5: 137806527 | D5: 0.26134091 | E5: 0.148 | F5: 0.26654503 | G5: 0.2255 | H5: 0.0935 | I5: 5 | J5: 0.056818182 | K5: 0.054785692 | L5: 1 | M5: 0.011363636 | N5: 0.0090281428
A6: fit500000_mcs250_ms15_eom | B6: 518 | C6: 140705084 | D6: 0.27714286 | E6: 0.1685 | F6: 0.26279801 | G6: 0.25133205 | H6: 0.145 | I6: 51 | J6: 0.098455598 | K6: 0.080604671 | L6: 11 | M6: 0.021235521 | N6: 0.02007646
A7: fit500000_mcs500_ms15_eom | B7: 348 | C7: 144668591 | D7: 0.27902299 | E7: 0.259 | F7: 0.26457039 | G7: 0.25142529 | H7: 0.2205 | I7: 31 | J7: 0.08908046 | K7: 0.069595964 | L7: 6 | M7: 0.017241379 | N7: 0.019762728
A8: fit500000_mcs1000_ms15_eom | B8: 215 | C8: 147073359 | D8: 0.27565116 | E8: 0.192 | F8: 0.27184263 | G8: 0.24507442 | H8: 0.138 | I8: 14 | J8: 0.065116279 | K8: 0.055543744 | L8: 4 | M8: 0.018604651 | N8: 0.016081063
A9: fit500000_mcs2500_ms15_eom | B9: 89 | C9: 146048222 | D9: 0.27494382 | E9: 0.192 | F9: 0.28443761 | G9: 0.23940449 | H9: 0.14 | I9: 3 | J9: 0.033707865 | K9: 0.049207008 | L9: 0 | M9: 0 | N9: 0
A10: fit1000000_mcs250_ms5_eom | B10: 814 | C10: 130994689 | D10: 0.25603686 | E10: 0.1385 | F10: 0.25785027 | G10: 0.23014742 | H10: 0.093 | I10: 67 | J10: 0.082309582 | K10: 0.076254672 | L10: 17 | M10: 0.020884521 | N10: 0.021149361
A11: fit1000000_mcs500_ms5_eom | B11: 584 | C11: 137189849 | D11: 0.26841952 | E11: 0.166 | F11: 0.26187125 | G11: 0.24226884 | H11: 0.1155 | I11: 51 | J11: 0.087328767 | K11: 0.084135766 | L11: 11 | M11: 0.018835616 | N11: 0.024394144
A12: fit1000000_mcs1000_ms5_eom | B12: 375 | C12: 140667787 | D12: 0.27248533 | E12: 0.167 | F12: 0.26286764 | G12: 0.24462667 | H12: 0.142 | I12: 30 | J12: 0.08 | K12: 0.071498978 | L12: 6 | M12: 0.016 | N12: 0.020112764
A13: fit1000000_mcs2500_ms5_eom | B13: 176 | C13: 144521767 | D13: 0.28059091 | E13: 0.25 | F13: 0.27560347 | G13: 0.2491875 | H13: 0.1915 | I13: 11 | J13: 0.0625 | K13: 0.056257145 | L13: 3 | M13: 0.017045455 | N13: 0.014039421
... A29: fit25000000_mcs2500_ms5_eom | B29: 441 | C29: 152481214 | D29: 0.30311111 | E29: 0.295 | F29: 0.26456657 | G29: 0.27744444 | H29: 0.268 | I29: 49 | J29: 0.11111111 | K29: 0.064346477 | L29: 15 | M29: 0.034013605 | N29: 0.013336299
